video_id,video_title,num_collaborators,collaborator_1,collaborator_2,collaborator_3,collaborator_4,collaborator_5,link
gypsescX1aw,Fittings are a Family Affair,1,Devale,,,,,https://www.youtube.com/watch?v=gypsescX1aw
FfEdzjzw_lo,Where are you from?ğŸ‡ºğŸ‡¸ğŸ‡§ğŸ‡·ğŸ‡§ğŸ‡©ğŸ‡®ğŸ‡³ğŸ‡¨ğŸ‡¦ğŸ‡¯ğŸ‡µğŸ‡¬ğŸ‡§ğŸ‡²ğŸ‡½ğŸ‡¹ğŸ‡·ğŸ‡¦ğŸ‡ºğŸ‡²ğŸ‡¾ğŸ‡°ğŸ‡·ğŸ‡³ğŸ‡´ğŸ‡¿ğŸ‡¦ğŸ‡©ğŸ‡ªğŸ‡µğŸ‡±ğŸ‡¸ğŸ‡¬ğŸ‡±ğŸ‡°,0,,,,,,https://www.youtube.com/watch?v=FfEdzjzw_lo
bQ7uNyrerRg,Black Culture Has Been Infiltrated,0,,,,,,https://www.youtube.com/watch?v=bQ7uNyrerRg
aAixxgjwG0M,100pc Disposable Salon Chair + Bed Sheets AVAILABLE NOW! (Link in my Bio)ğŸ’,0,,,,,,https://www.youtube.com/watch?v=aAixxgjwG0M
mamAT7n_jNU,made it home in almost one piece ğŸ¤£,0,,,,,,https://www.youtube.com/watch?v=mamAT7n_jNU
zMCLMfaG7CQ,I,0,,,,,,https://www.youtube.com/watch?v=zMCLMfaG7CQ
B75ijmSg1E8,#MarioBezares impone RESPETO por su gata a #ArathDeLaTorre #LaCasaDeLosFamososMx,0,,,,,,https://www.youtube.com/watch?v=B75ijmSg1E8
EfsjvHcUorU,Put me to bed! ğŸ˜…ğŸ˜‚,0,,,,,,https://www.youtube.com/watch?v=EfsjvHcUorU
JHeMXU_IdrM,Obscure Patrick Star Quotes that live in my head rent free,0,,,,,,https://www.youtube.com/watch?v=JHeMXU_IdrM
6-rPZL-Q_ho,OVERRATED $25 LONGHORN LAMB CHOPS?!! Hilarious Food Review | Funny Freestyle,0,,,,,,https://www.youtube.com/watch?v=6-rPZL-Q_ho
CqtZyWQ5cqk,Lena - ã—ã‚“ãã‚ã†ã®æ„› (Ã”i tÃ¬nh yÃªu tháº­t Ä‘iÃªu) | A day in Japan,0,,,,,,https://www.youtube.com/watch?v=CqtZyWQ5cqk
4F8XAZAI4xg,Dame tu Cosita and Frozen Elsa - Vampire KISS,0,,,,,,https://www.youtube.com/watch?v=4F8XAZAI4xg
jKxJGaqdpW4,Big fails ğŸ˜‚ğŸ¤£ğŸ¤£ #viral #shorts #funny #fails,0,,,,,,https://www.youtube.com/watch?v=jKxJGaqdpW4
H1BGbB0MAZ4,Se les cayo el Techo a los AlbaÃ±iles en plena construcciÃ³n,0,,,,,,https://www.youtube.com/watch?v=H1BGbB0MAZ4
Xx2NQJrwgNo,The Dub Bros - Ep. 2,1,The Dub Bros,,,,,https://www.youtube.com/watch?v=Xx2NQJrwgNo
WBPXatWqjV0,Thor Slams,0,,,,,,https://www.youtube.com/watch?v=WBPXatWqjV0
0B2HHGiJZC0,ğŸ˜±ğŸ˜±ğŸ˜±,0,,,,,,https://www.youtube.com/watch?v=0B2HHGiJZC0
ZNe4HMN5xRs,DON,0,,,,,,https://www.youtube.com/watch?v=ZNe4HMN5xRs
qkzOpuazQT0,Minha vinganÃ§a na brincadeira do jogo do soquinho,0,,,,,,https://www.youtube.com/watch?v=qkzOpuazQT0
meh5OhoXSQI,Painting GIANT vs TINY Art Challenge!,7,Cash and Maverick,Cash and Katie,Ky and Tie,Harper,ZHCYT,https://www.youtube.com/watch?v=meh5OhoXSQI
ufULSJoXte0,"Life Doodles | Pepper and popcorn, paints ğŸ˜‚#lifedoodles #shorts #doodle #animation #doodles",0,,,,,,https://www.youtube.com/watch?v=ufULSJoXte0
qKNl460jpM4,"EN VIVO: Nicola Porcella REVELA detalles de Soltero Cotizado, su nuevo reality",0,,,,,,https://www.youtube.com/watch?v=qKNl460jpM4
-4E-_BmMFDU,The Wishing Stone #animation #flipnote #memes,0,,,,,,https://www.youtube.com/watch?v=-4E-_BmMFDU
1m5ZWezDVs0,"41 (Kyle Richh Jenn Carter & Tata ) Meet Akademiks. Talks NYC Drill New Wave, Ice Spice, Nicki Minaj",0,,,,,,https://www.youtube.com/watch?v=1m5ZWezDVs0
bCE3vfeyS6M,Woman Locks her Family OUT OF THE HOUSE?!?,0,,,,,,https://www.youtube.com/watch?v=bCE3vfeyS6M
-t7MPQNj97A,Mario CRÃTICA la ACTITUD de Mariana EcheverrÃ­a ğŸ˜± #LaCasaDeLosFamososMX,2,AdriÃ¡n Marcelo,Mariana EcheverrÃ­a,,,,https://www.youtube.com/watch?v=-t7MPQNj97A
3AIb-xBB0wQ,Ø·Ù„Ø¹ÙˆØ§ Ø¹Ù„ÙŠÙ‡ Ø¨Ø§Ù„Ø¹Ø±Ø¨ÙŠØ§Øª ÙˆØ¶Ø±Ø¨ÙˆØ§ Ø¹Ù„ÙŠÙ‡ Ù†Ø§Ø± ÙˆÙ‡Ø¯ÙˆØ§ Ø³ÙˆØ± Ø§Ù„Ø£Ø±Ø¶ Ø¨ØªØ§Ø¹ØªÙ‡ .. Ø´ÙˆÙÙˆØ§ Ø¹Ù…Ù„ Ù…Ø¹Ø§Ù‡Ù… Ø§ÙŠÙ‡,0,,,,,,https://www.youtube.com/watch?v=3AIb-xBB0wQ
UqyV210hxV4,"Money Expert: ""I Built An $80M Business In 48 Hrs w/ $48"" (ANYONE Can Do THIS!) | Noah Kagan",1,Noah Kagan,,,,,https://www.youtube.com/watch?v=UqyV210hxV4
sE_6rpPjuaM,El grito que pegÃ³ Sandra al haber caÃ­do a las profundidades de #QuienCaera,0,,,,,,https://www.youtube.com/watch?v=sE_6rpPjuaM
CP9ycPkT81s,Goodland | Grater and cheese ğŸ¤ª  #goodland #shorts #doodles #doodlesart,0,,,,,,https://www.youtube.com/watch?v=CP9ycPkT81s
rBRUJJDhoCA,CHÃ #chÃ¡ #curiosidades #humor #comedia,0,,,,,,https://www.youtube.com/watch?v=rBRUJJDhoCA
BQsDGDzefHk,Arm Wrestling,0,,,,,,https://www.youtube.com/watch?v=BQsDGDzefHk
-fiNalVwsEc,You can NEVER eat around kids ğŸ˜‚#shorts #viralvideo #funny,0,,,,,,https://www.youtube.com/watch?v=-fiNalVwsEc
lY6VWM7Z87Y,We failed as parents #viral #comedy #funny @itskleoniki @montygeercomedy,1,montygeercomedy,,,,,https://www.youtube.com/watch?v=lY6VWM7Z87Y
r2GZi_i_q9k,Phone Falls While Woman Tries to Film Herself - 1513985,0,,,,,,https://www.youtube.com/watch?v=r2GZi_i_q9k
vmDla9HGJZU,Obrigado Jesus!,0,,,,,,https://www.youtube.com/watch?v=vmDla9HGJZU
8BSCW8QF58c,How To Know He,0,,,,,,https://www.youtube.com/watch?v=8BSCW8QF58c
V581rYL9H9s,It,0,,,,,,https://www.youtube.com/watch?v=V581rYL9H9s
Q0D3OHCZmBA,I TESTED A SCREAMING PAPER GLIDER LIFE HACK? (is this the best paper glider ever?) #Shorts,0,,,,,,https://www.youtube.com/watch?v=Q0D3OHCZmBA
mTGBqeZrhsM,Women,11,zarasahakyan_official,matevosyan.maria,charents_official,lili.morto.official,womens_club_official,https://www.youtube.com/watch?v=mTGBqeZrhsM
LJiqrtT3iyI,Mobile Homes in California be likeğŸ¤£ #shorts #thaddboii #iowa #california #michigan #texas,0,,,,,,https://www.youtube.com/watch?v=LJiqrtT3iyI
tGVc3Yfsjgg,Amora Wakes Up SCREAMING From A TERRIFYING NIGHTMARE ğŸ˜±,0,,,,,,https://www.youtube.com/watch?v=tGVc3Yfsjgg
Zr7SCEwoX-s,Frank tells Sophia the Boss he messed up the money!,0,,,,,,https://www.youtube.com/watch?v=Zr7SCEwoX-s
5rdY5h5GibQ,What would you have done in this situation? #shorts #teachersoffdutypodcast,0,,,,,,https://www.youtube.com/watch?v=5rdY5h5GibQ
TgHwyoLR_J0,Kill with a bone #shorts,0,,,,,,https://www.youtube.com/watch?v=TgHwyoLR_J0
6x1J_Bxv-wY,Single Male in the Wild #shorts,0,,,,,,https://www.youtube.com/watch?v=6x1J_Bxv-wY
HvxURXIHKmA,Why Asians Seem To Always Get Picked On,0,,,,,,https://www.youtube.com/watch?v=HvxURXIHKmA
25f_ESGtY24,Were these parents in the wrong?!,0,,,,,,https://www.youtube.com/watch?v=25f_ESGtY24
tp0ZpqnI_UI,When someone steps on your shoes (pt.2) ğŸ˜‚,0,,,,,,https://www.youtube.com/watch?v=tp0ZpqnI_UI
0wNifnyCU14,Not at all scared ğŸ‘ğŸ¥°ğŸ˜…ğŸ˜…ğŸ˜…#asiyka family,0,,,,,,https://www.youtube.com/watch?v=0wNifnyCU14
YdHQqzILNNQ,Toilet Seat EXPL0Sl0N Prank ğŸ’¥,0,,,,,,https://www.youtube.com/watch?v=YdHQqzILNNQ
kRpoumUWr8w,AdÃ¡n gusta de salir con sus ex suegras #LaCajaDeLosSecretos,0,,,,,,https://www.youtube.com/watch?v=kRpoumUWr8w
MfI3xX2iuCM,Money can free you from many consequences.,0,,,,,,https://www.youtube.com/watch?v=MfI3xX2iuCM
nSy_sx0xebs,"La ÃšLTIMA celebraciÃ³n de Mar, juntos #LaCasaDeLosFamososMx",0,,,,,,https://www.youtube.com/watch?v=nSy_sx0xebs
shpmq0MOL2w,Not the wifi password ğŸ˜­,0,,,,,,https://www.youtube.com/watch?v=shpmq0MOL2w
T0nQSXtFYrY,"Oh no, Infowars is dead. But now how will we know which vaccines turn you gay?",0,,,,,,https://www.youtube.com/watch?v=T0nQSXtFYrY
LoeAjQuXCM0,#minecraft movie costumes be like,0,,,,,,https://www.youtube.com/watch?v=LoeAjQuXCM0
7EmU6IHxZh0,"Wow, superğŸ¤™âœ…ğŸ˜â¤ï¸ğŸ’•#asiyka #funny",0,,,,,,https://www.youtube.com/watch?v=7EmU6IHxZh0
sLdivy155GU,Talking Tom Monkey Business - Talking Tom In Real Life |Compilation of Talking Tom,1,Talking Tom,,,,,https://www.youtube.com/watch?v=sLdivy155GU
ffEGadsgQpw,Bert Kreischer Got in Shape Just So He Could Keep Drinking,0,,,,,,https://www.youtube.com/watch?v=ffEGadsgQpw
lXcI2J00uuk,CUANTO MAS AVAILABLE IN ALL DIGITAL PLATFORMS SPOTIFY PANDORA TIDAL ITUNES APPLE MUSIC NEW,0,,,,,,https://www.youtube.com/watch?v=lXcI2J00uuk
BfvyDsF__ps,Tom mime SeaWorld every second counts to make you smile ğŸ˜€ #seaworldmime,0,,,,,,https://www.youtube.com/watch?v=BfvyDsF__ps
5R3MEbD32wQ,When THIS WILD GIRL FIGHTS YOUR SISTER!,0,,,,,,https://www.youtube.com/watch?v=5R3MEbD32wQ
nVETrfVzuis,Our the Most FUNNY Video? ğŸ˜±ğŸ˜¨ğŸ˜²,0,,,,,,https://www.youtube.com/watch?v=nVETrfVzuis
9Onw8RGXdEw,Christian Singles,0,,,,,,https://www.youtube.com/watch?v=9Onw8RGXdEw
dKaU4jUr7nY,MAGICAL RAINBOW DIY ğŸŒˆ #iampolar,0,,,,,,https://www.youtube.com/watch?v=dKaU4jUr7nY
4Kv_NYJ5H04,What video is the best?â¤ï¸ğŸ©·ğŸ’œğŸ©µ,0,,,,,,https://www.youtube.com/watch?v=4Kv_NYJ5H04
2bNWy7NHxuU,Mother of the year ğŸ˜‚ğŸ˜‚,0,,,,,,https://www.youtube.com/watch?v=2bNWy7NHxuU
k-vvdid_G-o,When your Little Brother HOOKS UP with the HOTTEST GIRL AT SCHOOL ğŸ’€ğŸ˜‚ #dharmann #shorts,0,,,,,,https://www.youtube.com/watch?v=k-vvdid_G-o
LH7rTbbNQQk,"Which girl is better?â¤ï¸â€ğŸ”¥1,2,3 or ..?ğŸ‘",0,,,,,,https://www.youtube.com/watch?v=LH7rTbbNQQk
zp4GMQCkjyE,Stepping Into an Abundant Identity...,0,,,,,,https://www.youtube.com/watch?v=zp4GMQCkjyE
_JKROvoQRHU,Is Bronny James Ruining The NBA? (Honest Take),0,,,,,,https://www.youtube.com/watch?v=_JKROvoQRHU
XcU5XehChQw,"If I Die, I Turn Into a Scared Dog",0,,,,,,https://www.youtube.com/watch?v=XcU5XehChQw
xT33NEkDFL0,When your RICH friend picks you up,0,,,,,,https://www.youtube.com/watch?v=xT33NEkDFL0
22PZP1dedPE,Why Is He Unhappyâ€¦?,0,,,,,,https://www.youtube.com/watch?v=22PZP1dedPE
gSX8JhIs1ac,3RD ROUND ZAN 2-NA  PART - 1# J&M SOFA COMEDIAN SEARCH 2024,1,Zosangzuala,,,,,https://www.youtube.com/watch?v=gSX8JhIs1ac
6Rpih24Xxg4,Goodland | Wake up! ğŸ˜‚ #goodland #shorts #doodles #doodlesart,0,,,,,,https://www.youtube.com/watch?v=6Rpih24Xxg4
R47JMT2TAIg,On the road to good health,0,,,,,,https://www.youtube.com/watch?v=R47JMT2TAIg
_sjZ7OvDpus,correct way to open a can,0,,,,,,https://www.youtube.com/watch?v=_sjZ7OvDpus
fcg7PHsci4Y,NÃ£o deixa eu estou vendo #shortvideo,0,,,,,,https://www.youtube.com/watch?v=fcg7PHsci4Y
7CSEZ9NIKSk,One of the Lies of Happiness | Dr. Daniel Amen,0,,,,,,https://www.youtube.com/watch?v=7CSEZ9NIKSk
N47LTFwW6VA,Consagramos El Aceite,0,,,,,,https://www.youtube.com/watch?v=N47LTFwW6VA
-bpVKAi0eNk,Nick Callas never believed.,0,,,,,,https://www.youtube.com/watch?v=-bpVKAi0eNk
1BEbiD_eS-E,"Dakota Johnson on Her Viral 14-Hour Sleep Schedule, Madame Web and Saturday Night Live",0,,,,,,https://www.youtube.com/watch?v=1BEbiD_eS-E
m2sWQoadrns,Ğ›Ğ£ĞĞ Ğ’Ğ¡Ğ•Ğ›Ğ¯Ğ•Ğ¢Ğ¡Ğ¯ Ğ’ ĞŸĞĞ¨Ğ£ ğŸ¥ƒ #Ğ½Ğ°Ñ‚Ğ°Ğ»ÑŒĞ½Ğ°ÑĞºĞ°Ñ€Ñ‚Ğ° #Ğ´ĞµĞ´Ğ¸Ñ‰ĞµĞ² #Ğ¸Ğ²Ğ°Ğ½Ñ‡ĞµĞ½ĞºĞ¾ #Ğ¶ÑƒÑ€Ğ°Ğ²Ğ»ĞµĞ² #mediumquality #Ğ°ÑÑ‚Ñ€Ğ¾Ğ»Ğ¾Ğ³Ğ¸Ñ,7,ĞŸĞĞ¨Ğ,Ğ¸Ğ²Ğ°Ğ½Ñ‡ĞµĞ½ĞºĞ¾,Ğ´ĞµĞ´Ğ¸Ñ‰ĞµĞ²,Ğ›Ğ£ĞĞ,Ğ¶ÑƒÑ€Ğ°Ğ²Ğ»ĞµĞ²,https://www.youtube.com/watch?v=m2sWQoadrns
OLZW6pq16Rg,Whatâ€™s your favourite colour?â¤ï¸ğŸ¤ğŸ©µğŸ’šğŸ’œğŸ§¡ğŸ’›ğŸ’™ğŸ©·ğŸ¤ğŸ©¶,0,,,,,,https://www.youtube.com/watch?v=OLZW6pq16Rg
civavTAxfqs,WRITE A SKETCH WITH ME - Episode 1,0,,,,,,https://www.youtube.com/watch?v=civavTAxfqs
s_7Xz4H3_6M,#Yurem no logrÃ³ vencer al RuidÃ³metro de #CeroRuido #Canal5,0,,,,,,https://www.youtube.com/watch?v=s_7Xz4H3_6M
4YOHxny0Nqk,They got magical boxes of chocolate cookies ğŸªğŸª,0,,,,,,https://www.youtube.com/watch?v=4YOHxny0Nqk
PTqQF0mtBwg,Ranking Your INSANE Bedrooms,0,,,,,,https://www.youtube.com/watch?v=PTqQF0mtBwg
VPiZu8UlVKA,Cuarto Tierra se siente INSATISFECHO con su NOMINACIÃ“N ğŸ˜³,0,,,,,,https://www.youtube.com/watch?v=VPiZu8UlVKA
vJUN7JTM2DQ,ğŸ¤¯ Utah,0,,,,,,https://www.youtube.com/watch?v=vJUN7JTM2DQ
Tn8T5rOsi-0,WHERE?! #SEpathaMerkerson #MirandaRaeMayo #JasonBeghe #OneChicago #FallonTonight,2,Miranda Rae Mayo,Jason Beghe,,,,https://www.youtube.com/watch?v=Tn8T5rOsi-0
LYpDhk8hFSo,"What girl do you like the most? 1,2 or 3?",0,,,,,,https://www.youtube.com/watch?v=LYpDhk8hFSo
-Igp_85WYYI,When youâ€™re just a girl,0,,,,,,https://www.youtube.com/watch?v=-Igp_85WYYI
R11m1kbxPrM,NERD VS. POPULAR AT SCHOOL ğŸŒˆ MUST-TRY SCHOOL HACKS!,0,,,,,,https://www.youtube.com/watch?v=R11m1kbxPrM
S5w3qg-5TvE,When Demons Lie (Andreas Henneberg remix) #music #housemusic #techhouse #release #dance #viralvideo,0,,,,,,https://www.youtube.com/watch?v=S5w3qg-5TvE
lgfm1HufgzQ,Dating is about patience ğŸ¤·ğŸ»â€â™‚ï¸ğŸ¤·ğŸ»â€â™‚ï¸ğŸ¤£ | Gianmarco Soresi | Stand Up Comedy Crowd Work,0,,,,,,https://www.youtube.com/watch?v=lgfm1HufgzQ
ig1A_0-Ppc0,Grwm while being annoying,0,,,,,,https://www.youtube.com/watch?v=ig1A_0-Ppc0
9CjsG3evqg8,"Queue for manicure, are they really kind?â¤ï¸â˜ºï¸",0,,,,,,https://www.youtube.com/watch?v=9CjsG3evqg8
